,65,66,67,68,69,70,71,72,73,74,75,76,77,78,79,80,81,82,83,84,85,86,87,88,89,90,91,92,93,94,95,96,97,98,99,100,101,102,103,104,105,106,107,108,109,110,111,112,113,114,115,116,117,118,119,120,121,122,123,124,125,126,127,128,129,130,131,132,133,134,135,136,137,138,139,140,141,142,143,144,145,146,147,148,149,150,151,152,153,154,155,156,157,158,159,160,161,162,163,164,165,166,167,168,169,170,171,172,173,174,175,176,177,178,179,180,181,182,183,184,185,186,187,188,189,190,191,192,193,194,195,196,197,198,199,200,201,202,203,204,205,206,207,208,209,210,211,212,213,214,215,216,217,218,219,220,221,222,223,224,225,226,227,228,229,230,231,232,233,234,235,236,237,238,239,240,241,242,243,244,245,246,247,248,249,250,251,252,253,254,255,256,257,258,259,260,261,262,263,264,265,266,267,268,269
2000.0,1.8297197470536568,1.8243619450072868,1.7981692242144756,1.7777412316564178,1.7521799301641425,1.745179945730263,1.744346352128808,1.7545401123812727,1.7673165085233922,1.7901843075013861,1.83473710732751,1.8148096154198683,1.9309019214169827,1.899210857824455,1.8472839960469234,1.8510807429530858,1.8429667067038353,1.8381994575743463,1.949320122682439,1.9795182547295171,1.9170574872000137,1.8907854935414938,1.8344982479254144,1.7923327580212234,1.7804601780058809,1.7771808965050573,1.7724253409356046,1.801445903332101,1.7746280261268441,1.7563397345717284,1.7514496989731883,1.7387591076942135,1.7476017003140325,1.7386351442771106,1.7236807562784686,1.7140466455553556,1.7008963883371866,1.704698718754054,1.7044571740598347,1.7124168798264734,1.7224275179793662,1.7219850977390143,1.7402171019730868,1.7312204101158593,1.7242371160567265,1.7176863257981392,1.7201626538793242,1.7266154043118864,1.731211559250958,1.7354364422104829,1.7361324428715654,1.7342548260948938,1.7341093670071916,1.721676295155242,1.7112658567161527,1.721112647025727,1.7384630946158146,1.7659166988773727,1.8192625690001623,1.8272072130862314,1.8234906687875974,1.8049484570922933,1.8067019693948536,1.7890821048613923,1.7811334972601396,1.786444003200502,1.7567926087241288,1.7567333124065536,1.7610684753263421,1.7633769479343167,1.7828080805635464,1.8435523071174762,1.8664127107634276,1.8743148705464405,1.8707032093662637,1.8491684591108473,1.8594186718046235,1.8683157634293113,1.8142922924618978,1.7875227099537638,1.7833750995567936,1.782921339461037,1.7859513617896114,1.7928379283672489,1.7894983395716137,1.7913003867609065,1.7909803176251131,1.7856841965641754,1.967600715282971,2.0047483150277223,1.9948554496916788,1.9258394710373077,1.8532022922552658,1.8151646752682105,1.8310378222289958,1.860787717283003,1.9219083524488547,1.966639297655067,1.998275134038563,1.984057853375297,1.9740793741340004,1.9680104993862153,1.938117130991688,1.9148656967990303,1.8546838224367252,1.834356378157773,1.8381826274772197,1.8394380878423142,1.8398136233630487,1.8583098154546813,1.9018830388194223,1.909269913967228,1.9071123658368365,1.895917597047796,1.87262106002267,1.919280357585778,1.9266447013902166,1.9014172552423259,1.8944637612850173,1.9231741273003227,1.9182452347127863,1.9234052999029265,1.8943196795171764,1.8488434612859375,1.8757796096046686,1.8892170161254893,1.8777279085119343,1.8758050247083422,1.8736162113953148,1.8421580999467606,1.841099713167992,1.8584227055652813,1.8529334988037598,1.8694054231720618,1.9156670644359224,1.929504180430347,1.9200868134669755,1.9024040825028359,1.8645588069839771,1.8819106078432548,1.8784748090991497,1.8829918894090327,1.923382210609938,1.8782580928424164,1.8774506944991542,1.8941312717886998,1.8975344527295126,1.8923548197231999,1.8774627507364454,1.8765903817613663,1.8690930329323527,1.8838357295366093,1.926417841555898,1.9187096508500678,1.9779356498997522,1.922077202110328,,,,,,,,,,1.8774595966590888,1.8849567745476958,1.8883576395376929,1.890507919388346,2.094416458990595,2.0593597276385793,1.9947704713407666,1.989449020817375,1.9919894110347345,2.001697695105091,2.0098824054836055,1.9817485422865473,1.9676397928039346,1.9539357139080544,1.943906077264514,1.9459668026452914,1.9538935370860004,2.009619908448693,1.9985707599783782,1.9910791277167235,2.038447079372072,2.0004589371549013,1.9992993148147602,1.9605842749624602,1.932972547611306,1.9353731745241989,1.9261117372739816,1.8829650894903125,1.932511972757836,1.930429700282224,1.9333076577512918,2.02268102865927,1.9810693912312307,2.034166547315754,1.958919825271161,1.9625671860993052,1.9518520761653697,1.9053876397010026,1.8916993134169133,1.883870488142901
2001.0,1.7728127215185583,1.795502800772173,1.8186970741155266,1.8163491810373769,1.824896423113109,1.832236795521977,1.817887902983548,1.8182977548797767,1.820096446511576,1.823014165301959,1.8108361207398285,1.7898278148137319,1.7950733691424117,1.797615806530605,1.8034672216021872,1.7925657466017078,1.7849274151021757,1.7640628684499196,1.759827636554531,1.7466526246832788,1.733684097377663,1.7222988544047462,1.7150403921136843,1.7165712713915142,1.7163732750870193,1.7384135537493677,1.7531796743765162,1.7651203412005734,1.7454245776737265,1.716690938296224,1.715940949377274,1.718575623301448,1.7216927875584347,1.7445453183741182,1.7686021375804053,1.7992558884784065,1.81128509889833,1.772776158955193,1.7442473521170296,1.7350285250311681,1.7255280267281017,1.6994453322070808,1.6971781055765356,1.6990292023784452,1.698479425679499,1.7040915641950307,1.7082025839148474,1.7129308985817846,1.7209463517901693,1.739856390133557,1.7443019963374011,1.7454362392284706,1.7514700424015162,1.7522541332657813,1.745879344568229,1.7441862609715542,1.7368067040222663,1.7303153604872965,1.722462696784656,1.7332603619986693,1.7376207010877018,1.7461969811291702,1.748045587714082,1.7395003058447882,1.7361586925934764,1.7285351001323217,1.7368751379146121,1.73608886827844,1.72632692191377,1.7380136027616337,1.740106599801218,1.7851565681757005,1.874145837741008,1.8734292086229856,1.8715556557634003,1.84995695312232,1.8371035367708184,1.8242680215153615,1.8178799255725124,1.8210306897531656,1.8270688060887688,1.842352458174204,1.813218564852284,1.8029615766377218,1.7920757486459546,1.7879287138787467,1.7927548782287333,1.7986371979640834,1.8227757966700915,1.8446390491930147,1.8245047846520808,1.8337784053960746,1.8507627176610715,1.8728708098756397,1.905155116186172,1.9193224796286612,2.010208165801239,1.8711410340178887,1.8532211062377866,1.8361188080158681,1.829505224482793,1.8236689766287268,1.8014547171522017,1.7873109432401226,,,,,,,,,,,,,,,1.8829812057208404,1.9588924254472313,1.9421296163576374,1.9463282673616722,1.957204024427245,1.9348224039825408,1.9405211511625342,1.899189525065689,1.8756496423202071,1.8522633178155217,1.8392329315640477,1.8284829973526289,1.806705314160919,1.8197135764769943,1.821407511895233,1.8316731377648794,1.8562071854928135,1.863725574952377,1.886025910878494,1.9157967260694067,1.916451221609018,1.9168800311219665,1.915460408193153,1.894951944775604,1.8960646869186442,1.891820507173037,1.8991426635924489,1.9946923622293644,1.9543906759944447,1.9385064748435876,1.9361199723860758,1.917517774819173,1.9469898822583023,1.9778315122949106,1.9769226065465433,2.0061722556643895,1.978654131526585,1.9964046260448378,2.008697574317269,2.010214165395798,2.075373113969406,2.1073270957254504,2.0591775690160783,2.0694781700845173,2.0812398382992967,2.096935786305405,2.1312349423489425,1.924492307665147,1.9150790647502376,1.9447055476884243,1.9487413346957643,1.985175299129708,1.9638972837404758,1.930878077587939,1.9165863882849377,1.9055716958886946,1.9257309925550676,1.9231661504698274,1.934750154964755,1.9236523856375154,1.925983234859166,1.9557476552059545,1.9700567364895971,1.9598079629200873,1.935811489912259,1.936678095601041,1.936340457939142,1.933292746826504,1.9577804053084145,1.9295137311825554,1.9308319638092153,1.9784702952147506,1.9744584608121993,2.009161324782954,2.0289505553866967,2.030598015710173,2.0089597470634004,1.9561159855545043,1.9601601955671495,1.9785118917368438,1.9876545817287978,2.0287638308424087,2.0216506110587806,2.006254209088011,1.9946736376354324,1.9721729701320256,2.0081562302357985
2002.0,1.8038676860505167,1.942588709307894,1.9360995110520833,1.9027679669180495,1.8499702260408726,1.8737035415060208,1.8611647054872917,1.8398869547672545,1.831195405802398,1.7950228975060978,1.7711439338575343,1.7739477796475431,1.7622451271014623,1.772960630571813,1.8196954245805617,1.8724281234650801,,,,,,,1.7745525121275938,1.7428326973356005,1.7380519336169369,1.7370183865805315,1.729329313447854,1.745371915397226,1.7799707670382592,1.7837053025570797,1.8739573669923915,1.8727972286164867,1.863447516339638,1.8671280902612393,1.7754500820216417,1.7758563321385945,1.776425079485401,1.7705700834644378,1.7692991125422,1.7688106510843995,1.75001506481959,1.7394846377794404,1.7439831669855441,1.741796030684068,1.7359499263529727,1.735454967162347,1.7270462404214397,1.7252744399403883,1.7337358416895423,1.7372676572122019,1.7465470422260143,1.7516787017612248,1.7548985792262355,1.7527837359891913,1.7526391063061313,1.759148744321788,1.7623752900542127,1.7656654319550578,1.7651633504517292,1.7603623672206998,1.7597183311046694,1.7652334585364557,1.7746129416805643,1.7867625035712944,1.8108956547472133,1.8271184749778506,1.8228276438672086,1.8140573289644593,1.8791689865834207,1.9341879601844294,1.9050304437725425,1.9026526070449146,1.9030810828986333,1.8901572295803355,1.8791692122578123,1.8684209384354795,1.865612551380928,1.8645464915345098,1.8807033227982486,1.8883792706703024,1.907241805794883,1.9099575693710273,1.9001253978807569,1.9209790250909826,2.0065564246999426,2.0193835412795638,1.990851211324461,1.9734065917090602,1.946575918364131,1.9556623364535766,1.9506024374553619,1.9425562633133664,1.9241267840261855,1.8968961109949687,1.887673569770851,1.8784648176329592,1.8994278425162325,1.9938712075144087,1.9741840524140604,1.988832046151616,1.9913341364150878,1.968278290142372,1.9705530757150824,1.9598571762394705,1.941983442188468,1.9377597616467521,1.931864958848605,1.935828057463368,1.9558328003738668,1.9720443033896151,1.951311480575785,1.9151103510844525,1.901916879763625,1.9341512404036216,1.9293378883194219,1.9460512730687247,1.9557891595788874,1.9453875992059184,1.975882694529417,1.9855469158679449,1.9913556952503202,1.9601052429694428,1.971300466249248,1.995646754374297,1.9481484977380878,1.9498425677198514,1.945969925867411,1.933616420842698,1.9249948450793208,1.9047786957089703,1.893606226066943,1.8905658339887508,1.896664360441106,1.9114734218982876,1.9208180353386513,1.9177626751146497,1.9309515206674663,1.9458314490349435,1.9399225167526917,1.9753146542221693,1.991739319410865,1.9746757536222859,1.9764079803804309,1.970894737526685,1.9206480613761263,1.9128862601780974,1.9305722736307689,1.9409104236496728,1.9645400438252116,2.0463838712734264,2.041791047725029,1.9764235060859243,1.9972619359146997,2.036997911434317,2.118107979655471,1.9826451523202355,1.9940605349795915,2.00616716819712,1.9829749510037513,2.0484625659943934,2.158106247019562,2.189189089871973,2.0410796089840932,2.006203325875695,1.992744306121804,1.9934132838153082,1.9996275300071855,2.014307477016721,2.0419229419480667,2.0769702951202254,2.049791855214342,2.0478006353821963,2.0623287460316364,2.054117326119184,2.0580486360590076,2.0514185317073985,2.057627085166203,2.060908766514226,2.094267850437199,2.171335343162392,2.044014648083446,2.0659092366510357,2.0514271748322814,2.0510150021522633,2.1260288614409806,2.1344650851340856,2.0917294271079507,2.1052288271437103,2.1252155352872184,2.1061443886330813,2.128430554202354,2.0580010850921413,2.032155759287139,2.0437674529195373,2.0410124739636846,2.0873343686380172,1.9951765324405084,1.982238136972748,1.9825024098623896,1.95000188473943,1.9708672515127361,1.9767220164460046,1.9800130103079863,1.9708723463566706,1.9677278913275913
2003.0,1.7673299355907064,1.792461406563764,1.8068974867936813,1.7803019015026282,1.7713514711363243,1.7754404003473319,1.7729802260198588,1.8264457916224683,1.8059254119050179,1.7430373819580287,1.7572467033433066,1.7467774602783903,1.7244387698465062,1.7706801933387242,1.7543775714162484,1.7609898476185746,1.7627563204808712,1.7739805769653905,1.8103559412869745,1.8163773675793853,1.831564054372191,1.8010458041456736,1.7857527188441815,1.7825505360244658,1.7646767283580762,1.7625459268608838,1.7611142455044293,1.7524765685680366,1.7595818954349864,1.7697715464962935,1.7667724055610425,1.77178998551683,1.7702345170456542,1.7547217288462575,1.7496575525718945,1.7424068230396188,1.737786056911831,1.7384844640552282,1.7399065247262215,1.7565668828617773,1.7751232982105294,1.7877778211227022,1.7827000095523182,1.776919283969316,1.7781466162299153,1.7833208511805334,1.7947660261946143,1.77975932130197,1.7642554007550344,1.7582879794595676,1.767511273488205,1.7804066218803922,1.7920068207024344,1.8012333962030433,1.785639521175635,1.7830222801981597,1.800989110661764,1.7961671549395097,1.8032579884659972,1.8029477309719333,1.7937082188402576,1.791673509938564,1.7865373344620372,1.7927232543358103,1.8102031766701838,1.808721978524831,1.7968206266554079,1.798636366591626,1.7982418046398068,1.8036600782299441,1.8285480485740409,1.841002707076251,1.8451615656377371,1.846036935738617,1.845579484269221,1.8514554036132966,1.921295634072424,1.9947277751533579,2.02567712135063,2.050118457129832,2.0455566071659828,1.9545312070303094,1.92486197284444,1.881559022517648,1.8890032459430077,1.9569177873872197,1.9723471546028906,1.9590989893302622,1.9557141186018394,2.0072099024965366,1.9777118372190532,1.9402802529941454,1.9041465140957112,1.8309865939680758,1.8155868253007894,1.8260526214090307,1.920257240954378,1.9653398913652076,1.9379579603593804,1.943639073659466,1.9409899097089087,1.906794287632688,1.9289761682712905,1.920758919894305,1.8421525969852035,1.8203583474469738,1.8063293067201625,1.7996416066409926,1.824802395663188,1.8109023555420527,1.808630447524199,1.8042748622324327,1.809817748573022,1.8155938885913212,1.8454089765401804,1.8750654020675483,1.876013321121695,1.888391979189534,1.880296370052755,1.8644984395620197,1.8770511297571568,1.8953086086946984,1.900032539165162,1.8955074127612628,1.8987215399903468,1.9130287577120524,1.902105695416488,1.8991882922077195,1.9167811423248797,1.9182571852500017,1.9455993836411467,1.9762874221206226,1.9752301715676024,1.9274054873480444,1.91568186065477,1.8579796696248314,1.8794050421175317,1.8899325876420592,1.8842091279885904,1.9223976945091588,2.0252452559126493,2.0418848981101987,2.0629045775210546,2.082769943885726,2.091478325250428,2.132159575199397,2.166661387708991,2.188393465230569,2.040547838883165,1.930523935378946,1.934950206196613,1.940602250393809,1.935479049178654,1.9814354902242366,1.9705341444943825,1.9796225935187248,2.1526213086344117,2.079415182791828,2.134103294899157,2.1059639797705008,2.087609280264933,2.0498174867396264,2.0292640420009347,2.0175554328538374,2.022918138559154,2.034343230287873,2.039403435952061,2.035976388238538,2.0440009706494218,2.0565657405185047,1.994391463412573,2.0039692468255224,2.028796043826049,2.011550268988705,2.002313460439324,2.030791167014089,2.0039114028379137,2.0137660644379567,2.003769888527817,1.9801265738509746,1.991401329765412,1.987128292344924,2.0213756962001446,2.0187856884084656,2.0258935212107385,2.015317005283545,1.9599394893586612,1.98769012147976,1.9751953936458624,1.9729273987812626,2.078351153283254,2.0704327594238414,2.0151318735251578,2.0389955782380893,1.9886951318995039,1.9861785855895864,1.9738913941346432,1.9346105231816164,1.9745215498751514,1.9857622843602774,2.0541948729583273,2.114763096951018,2.0069196894109353,2.017754339455272,2.034860346215713
2004.0,1.7854620565165082,1.7917678249030908,1.8254091726085502,1.855925211904756,1.822052054456114,1.8164918594123485,1.8025952857516172,1.7834996486041628,1.7832935072812934,1.789368301827999,1.787882857102494,1.8859401344793114,1.8936347163818472,1.8808462417312484,1.9390445696094414,1.916430757285617,1.8436159900035411,1.8361496251549756,1.8354122504499446,1.8469817792571446,1.878448088473819,1.8214594660415688,1.7446367607128797,1.735869931469121,1.7388956305818803,1.7476411066651678,1.805498313667211,1.8725378793601057,1.8785124156658695,1.8933190860630367,1.8447469972444719,1.8000697918169062,1.7800598472429754,1.779906766079963,1.7621975082940686,1.7480925565914909,1.7386652793676127,1.726003943486491,1.7273874696292264,1.7324919829646532,1.741761157855968,1.7515368826828577,1.7530021854528304,1.7627091537204782,1.7601482460419082,1.756875231679291,1.7606390246625203,1.7575839165009075,1.7497597306844996,1.7511678987279016,1.7554531650888694,1.7543259578645738,1.755697001136439,1.7569254962357785,1.7529421252311694,1.7463037119275717,1.7449029981257995,1.7415369828839582,1.7435706427694422,1.7478281760996368,1.7411275208333827,1.7397031437582529,1.7455544725452983,1.7577111713836526,1.7625164764079257,1.7721351711114792,1.7824618732937787,1.771162719012496,1.7687327956281171,1.7756961143754797,1.7774204998090757,1.7863793553506189,1.8021796420438632,1.776189382077813,1.7764818384204069,1.7704785086162935,1.7651733972943584,1.7917818121462847,1.8070319287752046,1.8357997732571683,1.8409890743681636,1.9094313219149126,1.9019747699420972,1.8648350294003975,1.8550207948748292,1.8502022634304551,1.8276992605486724,1.8144607674064415,1.8092954531255967,1.8133896385265507,1.8686582546140977,1.8883050596349578,1.900996138708276,1.8978211648922647,1.8996315313102978,1.9018557770753697,1.8819216676839274,1.8679950271748245,1.8628847076430617,1.8665214894867668,1.8782491619153527,1.8831735224367177,1.8861570103827354,1.8923474140961611,1.8805027191432238,1.8685991029841782,1.8622200199184507,1.8642078783961717,1.8428908537991742,1.8389853869024306,1.8451844456032267,1.8310859356361804,1.8405969731579472,1.8943790785798194,1.9039272198895258,1.8748837739382278,1.8662123823927468,1.8275056398828076,1.81799853674838,1.8206218878730986,1.8076077810417384,1.8199290472088974,1.844190669463357,1.8499284626599803,1.8560928808411055,1.8783967435686848,1.8982472593708812,1.9418391210684027,1.9442471618401367,1.9426418057380068,1.9429795741251716,1.9375220035491094,1.9089860466758954,1.9203315545674344,1.9184428835069385,1.9306622229245232,1.9601057916464302,1.9692004798330895,1.9883912609725263,2.0033765576610425,2.0272169874295534,1.9780521780925153,2.005704371083107,2.039337402979172,2.0265781699676926,2.0336998162017323,2.016050181868782,1.9768653878382532,1.9648742240550034,1.9510202784345207,1.9003243996059624,2.047737118556838,2.115861835983171,2.0902042788180957,2.116286993545024,2.107379687594916,2.067478517280938,2.101468962363948,2.1204720305604425,2.0287148374264046,2.14293981464738,2.1240250422678795,2.057655297791479,2.0360761518791644,1.9616578642317646,1.9643740863034012,2.230312702345145,2.3303482826588118,2.0574959851710757,2.0702991557866985,2.0281038775133426,2.038115280257871,1.9830470484053593,1.977290797302345,1.9559706110404802,1.9609217948060178,2.072562168834593,2.13836400850069,2.245396290194985,2.106971741854661,2.1381322694031644,2.167854000485085,2.2103155212394965,2.2692625548882486,2.290223247291239,2.1018638892475208,2.0484449160753977,2.045355827315441,2.0055429490636554,2.011242426582231,2.0068584655591732,1.984016587584044,1.9641246119733746,1.9094887905873774,1.9389955615608923,1.9468172604631926,1.9497173306948339,1.95890595308194,1.946883997996585,1.9339414117421572,1.8975293342213244,1.7885761865341565,1.8054032542404825,1.7981435348029293,1.7930404049212791
2005.0,1.7892341473811502,1.7706679885292012,1.7525595162013068,1.7479039347856031,1.7649129991211736,1.7616786808005096,1.7797670192308557,1.7700800723886645,1.75656043423175,1.7600640024760716,1.7510383794928635,1.7538472637267626,1.7696293704865216,1.7644109110854318,1.7639898476306863,1.779878816194035,1.7819868784655442,1.7939559336170543,1.80151660431931,1.792758026818473,1.7846213626966883,1.7733148965465815,1.7604082392216585,1.7457695713830232,1.7379659576452209,1.7262069075232183,1.7272125212001976,1.7259501535098782,1.7286615440537019,1.7367891715476973,1.744415556544774,1.7593870593521845,1.755214049920193,1.7602486608654586,1.734962767958545,1.7394339298534496,1.7350890266589283,1.7312002477326325,1.731992074810461,1.7283206819742558,1.7303554342907084,1.7323481562458576,1.734432000536653,1.7394577429109792,1.7518263843985808,1.7734780231535408,1.7946537230252142,1.7903495384995587,1.7956616687804527,1.7837911309773653,1.7843535529750603,1.7775103588918282,1.7825686733810389,1.7865500827473215,1.8036152492420356,1.8100352750109454,1.8125473160607095,1.826722398242125,1.8091775453826326,1.8078787512726524,1.8083032025063608,1.8089777393264277,1.8145451329606574,1.8394726107303705,1.8446329900292047,1.840745980713098,1.8358722910089502,1.8274024231424586,1.8221888417496637,1.82548587327044,1.8333912204133505,1.8444614272628004,1.8498828548415522,1.8500067604516661,1.856638369249719,1.8557147645451881,1.8619562303825976,1.8927844870148531,1.9103759603288986,1.9216161932206735,1.8918668341294893,1.880651657287495,1.8744930380192173,1.8619733546729185,1.8664544522569488,1.8883542575415553,1.9307359936376631,1.9744683643193794,1.9709714297946002,1.9378043329192616,1.9179666892494378,1.9103748553315738,1.9145481773622612,1.9459663914600163,1.9524538372412028,1.955772617047752,1.9599560387977792,1.9569416270431412,1.997216040852016,2.0064699961667256,2.0306238395617298,1.9938940458666043,1.9192021846647456,1.9202135226478259,1.8974279267129233,1.8878285826831687,1.9210845543255433,1.915862012692139,1.8936065578857337,1.9137339994351823,1.9287083307599326,1.91380790084864,1.9096422422815618,1.9056816434567079,1.8820369093165705,1.8758594003755344,1.974384578201335,1.9599618553574683,1.9541285984415602,2.004127331074506,1.9747300222120894,2.0129511215965974,2.012184798632024,2.025890447690606,2.0229066638378486,2.0299388664251534,2.0415523149250223,2.059763438758246,2.032350656800433,2.0523838613573693,2.0531215968126073,2.0429966117068608,2.0169253649423173,1.9922003551419998,1.9774733060646925,1.9247858179999437,1.8897667681408032,1.8779890502507963,1.884967463501996,1.908793062024491,1.9124972590891853,1.926065709985063,1.932908723135502,1.9386009253528078,1.9578861102543876,1.9690758953522356,1.9574889710390893,1.9395764680225807,1.9280325513612788,1.9137082091038053,1.9309804604334408,1.9558389181624158,1.9607751887617244,1.980910563699233,1.962916199206604,1.9886230594442764,2.0857128253951362,2.0225160066361703,2.0430184715847863,2.0607586675971357,2.061683405235407,2.0055770027063233,2.0093295067722114,2.0175586230014257,1.9794094886805442,1.9854490950453487,1.9726688478586563,1.9586102928834315,1.9616093554436598,1.984682731984246,2.0004407594427502,2.0149064106164905,2.024744994242101,2.049187196925989,2.0400979959578596,2.048868832957554,2.0712184921351455,2.063657058691495,2.100495228608266,2.1044985346349403,2.136474132926291,2.0967873307422287,2.106007375387712,2.0734551450819003,2.0080349868158907,1.9741621395328957,1.9731670200432232,1.9709265127933149,1.9910843786704246,2.021348019941538,2.028401221789955,2.0114690426508366,2.0173871523750133,2.0014443299742486,1.9690344500751766,1.9580400807587346,1.9409008985105318,1.9426953456718472,1.9504533663171473,1.9621158082033752,1.938440844905477,1.9213959771678168,1.9233261306352205,1.898646959985176,1.9279201150334038
2006.0,1.7922930821628618,1.7904118592507294,1.8471810329013956,1.816606980800708,1.7913080429582955,1.788408984702543,1.7632351538284712,1.76585011372028,1.7436772507574712,1.7320879415541182,1.7527107715361006,1.770298946780943,1.7768200224024473,1.7810945033237198,1.7837993312161202,1.767404406867973,1.789189736065846,1.792386269549406,1.788283370706703,1.7930945972179977,1.7726521165307367,1.7707161080917309,1.7801704249633676,1.7795631885811758,1.7754868600193026,1.7541651247442167,1.7461814471424038,1.749517475510677,1.7611012400401058,1.7743185021175156,1.7713305517970217,1.769646848681873,1.7650998055934402,1.7679054710288837,1.7833318265073173,1.8139414984466593,1.8467932256451705,1.864653153255167,1.8649598634503994,1.845200898878552,1.7733081225404999,1.7587299824107994,1.7489401512522698,1.7450209159298689,1.7386722841532185,1.7470675716260602,1.7563849087267305,1.7591648839386917,1.7752858646370844,1.7920806198711852,1.8662840567331134,1.8955220146997531,1.9147280160201512,1.9277686185731384,1.9037724508318248,1.9108460544100916,1.8603294068591043,1.8395497956028768,1.829992440890788,1.8161714596895648,1.813487945735232,1.7934513630135371,1.7772181163082479,1.8056979649573854,1.8126387080426958,1.8664909000576717,1.9530172361057767,1.957953986750941,1.939530332816445,1.8826359990720256,1.8562838095124934,1.8344712312483054,1.8263349458451628,1.8364352449532162,1.8534051380056797,1.9198584120195092,1.929364998708913,1.935426806987517,1.9474867814785253,1.9116824563822938,1.9282594774915174,1.934172464107925,1.9366359071663055,1.9455792341628486,1.938215776160594,1.9358685319705726,1.9824539829166605,1.997322332894367,2.009619950518166,2.0196349776256683,2.032385239175366,2.019718182127956,2.0125897977440497,2.0034360336965253,1.9388752878136999,1.8948664976853715,1.8803607929693082,1.8571709249456185,1.8280512035836876,1.8507812562182067,1.8521008908240515,1.8733345075432872,1.8693970686197219,1.8587308343166584,1.8601588988050481,1.849921061658057,1.8457306681858294,1.85096082938649,1.8947720269834294,1.9125076296400754,1.963681118471297,1.9371206009916893,1.8844266254997923,1.8779775253395825,1.84876813026368,1.8427937301952761,1.8958358142351468,1.928057087508047,1.906997611267798,1.9241756412231568,1.9499200813433544,1.937702451451929,1.966951247601659,1.9140947516478328,1.8602941766957777,1.8410487925291026,1.8444611045451196,1.868715260309409,1.8843128941727731,1.8978903882776044,1.9094380565461866,1.8924728297653814,1.8855018194797788,1.8915167595248827,1.8688526071267881,1.9215825418146988,2.0013801133139935,2.040951445632878,2.0987787491304415,1.936119273548266,1.9089172630987234,1.9016860074221946,1.8955083115385432,1.899989408832846,1.9003809674547054,1.9255633790076119,1.9380198103054758,1.9352294325152108,1.9351858690484383,1.9528791491925448,1.9780841444392485,2.0163272660662335,2.075873808051158,2.057155600066509,2.0725732618799864,2.029025126368374,2.047026791165121,2.0687075558218107,2.047703615632349,2.102061274736517,2.0725155342852166,2.060961678173868,2.075920638718218,2.0729512939870256,2.074411197047536,2.062187552918759,2.0430736469609174,2.0170116230886257,2.0030174790804884,2.0079962792323736,1.9951707627322597,2.0324114158498654,2.107153277926734,2.1627825560700193,2.15590521074494,2.1645268863151914,2.108668822730685,2.1218954687363336,2.154462838618163,2.19758971569684,2.144955288362633,2.155373694385771,2.021766861577858,2.0139282304448036,2.0403546811043225,2.0360641757821525,2.1116460410820697,2.040114350469807,2.0045346707885954,1.981992229961571,1.9781061769279837,2.010563514680017,2.000733346661108,2.0298816999805522,2.0317616208917015,2.0384910454398137,2.0654927177271736,2.1703579240257014,2.2077930597185875,2.2178501116897404,2.201086149889357,2.172519082071606,2.1794202099558766,2.131814595737552,2.1080019821473868
2007.0,1.7842167767897985,1.7829708140809895,1.7960006833649875,1.7730690263533653,1.7667709168151315,1.7465166658879874,1.744903838882852,1.753700257650523,1.771166026781758,1.8058274159067174,1.8969389823672085,2.0356914011754563,1.8594789071527247,1.8427481674102644,1.8281607124310575,1.8186465524019066,1.7922402966134885,1.7733362077156019,1.7579447866041087,1.754634886521393,1.7868244945543728,1.8321455195734164,1.8811391186802824,1.8900374276931586,1.8780439959301736,1.8498008839887263,1.8206653329058677,1.8395358390568681,1.8389689475229498,1.8370953451932368,1.8384208348981343,1.838815214233796,1.7925510094269712,1.7790388719450365,1.772093028535194,1.7671605339872207,1.766851964331917,1.7667829004151372,1.7668752634061524,1.7686748779420167,1.7645470069686686,1.7655983037647123,1.7838892323614828,1.7841482802729765,1.7866587352749281,1.7841110630987373,1.767559399724772,1.773765014718653,1.7670333412158714,1.783315114491232,1.7870793975995816,1.7931312587636201,1.8181003580085733,1.8142535291321806,1.8353680118796127,1.8633349568753528,1.8840393952601837,1.780828178371239,1.7998697153085401,1.787595164541412,1.781578654075597,1.7825529163596627,1.7797607353553349,1.7877641686304058,1.7962896978926455,1.8219784652424011,1.8421711522179192,1.8034966398221475,1.7896030008281096,1.7817894704585249,1.7737270734940953,1.782980739607766,1.790757195058968,1.8029133324748972,1.8718378865808476,1.9427624806819774,1.9526886662686282,1.90220569290423,1.8826641585522608,1.8629908806752615,1.8583824287368755,1.9117505597413915,1.9603532171769744,1.9802236149557144,1.987363522634118,2.0010705248903013,1.9504904683373119,1.9451728874857341,1.9076111777651272,1.8693383178006828,1.86547834475724,1.866135573710409,1.8576018652409934,1.880424340763187,1.8860341805526284,1.8737261429840741,1.8597740481523908,1.8212139187095737,1.8075555141168516,1.8332077958776885,1.8424431012868778,1.8432929761744439,1.8553986682945443,1.856893793494713,1.8632171225345215,1.8777584129150233,1.8730533144731318,1.8834222302006092,1.94192758954593,1.9071259280109207,1.8956455552167317,1.8830118395954114,1.913508085275827,1.9331995542617928,1.9376337728413984,1.9430188335783702,1.9256096825967268,1.895811888005703,1.8872268295923909,1.8865348447844386,1.8676841013830705,1.829991531522471,1.8543723052314216,1.8704849711887834,1.8809470453544128,1.9098195254968153,1.914559505951318,1.89891494121365,1.9001658751178983,1.9205013551812002,1.9078213309075596,1.9121106063405278,1.9108275661151652,1.9005397042842267,1.9340692236236627,1.92933004291786,1.9335278403284917,1.9253021725988424,1.938750873955224,1.9412383106895104,1.9468019974929014,1.948163289923019,1.9446844201070346,1.950502150860588,1.9424514809442155,1.9704109622068358,1.9820804127624994,1.9699807946305423,1.958863980199276,1.9424958212466983,1.934882286870236,1.9438929778135439,1.9500825955799237,1.9189560452436618,1.9005267704192188,1.8947879152416605,1.8685502295831449,1.8808296179601278,1.8888349600907868,1.8857934764932152,1.9247650322036498,1.9594373327799532,1.9581479378570261,1.9584018924287292,1.9319191921269594,1.9328791066346587,1.9467476060976732,1.9431004926371969,1.9844024419814252,1.976177624807575,1.9726529987868306,1.985399417469981,1.9807593742021146,1.962733602640562,1.9655803129490792,1.9527675614882272,1.9553005773187004,1.954741688603659,1.9329220202495696,1.9474425084671956,1.9380364697566184,1.966671730932818,2.0764034716861213,2.1003726256517057,2.0384743727748185,2.0128805876032194,2.033412670051278,2.0226672449048735,2.0467666344485282,1.9557849690308373,1.9146859989116165,1.885584389822006,1.9475892181283272,1.9476397431417676,1.9347315227382045,1.9453202635878108,1.9154511649439474,1.952508323943507,1.961759723669732,1.9344926904767241,1.9016595341607023,1.9241817647744717,1.9365990718217971,1.9551444146192263,1.9963742506030566
2008.0,1.7801751444273841,1.767174076027576,1.7570715659226683,1.7632934898016026,1.760312846529703,1.769971305264714,1.7953371747044375,1.7857402677286638,1.8076951286564626,1.8374648783039174,1.8301925680244535,1.8226217568283642,1.8150671039360313,1.791937480612435,1.779144755330511,1.7639923480902966,1.7527948459974887,1.7309398753128247,1.7191174043577604,1.7197023872906647,1.7179298612401637,1.720406720949945,1.7167551281910973,1.71131440097875,1.725784791177922,1.726929726522866,1.732557737879378,1.7369786904259805,1.7377980600656053,1.7477072594449583,1.756353840074409,1.7662711118675034,1.7443110709878433,1.7392201248617782,1.7369228228503286,1.7324175529612633,1.7374874828268903,1.7371015020911937,1.7368221597858793,1.7432857744205854,1.748368197159535,1.7519289291794347,1.75618560614611,1.7456398943753046,1.749524456051316,1.750110587804739,1.7436528135073135,1.763938791467326,1.756735354322002,1.750708431880508,1.752044572065019,1.746842180343083,1.7431109624352517,1.736109622605981,1.7422297166879992,1.7436350081718275,1.7509024987762092,1.7607020115728853,1.7457397750441233,1.7433606276445326,1.7440147931974104,1.751399730388229,1.759697060597765,1.7600074854283272,1.7632808084761789,1.7587137498038812,1.7534964917648876,1.7684955082027418,1.7800417702339515,1.8104324193845598,1.803900646911317,1.795823037144422,1.808505732074095,1.8069730717691266,1.845123182929598,1.8976323089288534,1.8889750229349092,1.8459388677818804,1.8520430593602555,1.8656901263202814,1.8701730262340428,1.8892198621887994,1.8970280171069942,1.9036125010344473,1.9002399034332749,1.9157392212650008,1.9445430549242388,2.050319994006151,1.9591613057449497,1.9014135240437722,1.866416461923885,1.8447214203732138,1.830082362024688,1.835651085793252,1.8284468259058257,1.8359468544842406,1.861164074668142,1.8642101998199527,1.8709901507634998,1.863857772910135,1.850168285080433,1.834022026657148,1.8248634556998442,1.828000589439155,1.845411625763845,1.8923682459078432,1.8798560918809866,1.9122822567692195,1.9163504758403207,1.9075589419032257,1.931559807138496,1.9188604458602216,1.8907489837696905,1.8976032524633208,1.8800003334887838,1.8607418538020966,1.8705794239882687,1.8600180932643715,1.8455187196101996,1.8421350688066935,1.844803302811716,1.8502456057136323,1.8685084222913146,1.8658586421472858,1.868438720698677,1.8674672711188907,1.8624855624720755,1.8648308203946906,1.8670011563901399,1.8633437857761903,1.8725642406040985,1.9001977246640456,1.9185905762770321,2.082463110999114,2.1976103877165527,2.1309121202606676,1.9662465515127328,1.9296615105836308,1.892223210957603,1.8862140221225294,1.8766729272544902,1.8893583151197455,1.8954582265236204,1.8884044448029824,1.8931419903828202,1.8820320197122773,1.8872313617765644,1.9267391932205422,1.9334550360547555,2.060603298019341,2.0381893676491663,2.066046058513522,2.074144896928535,2.0297235808422553,1.991938490603985,2.0074615928655435,1.995897660696726,2.006606229101309,2.048547014912627,1.9506278200430636,1.9746022138120058,1.9598280019607905,1.9627342806225725,2.0456581944562116,2.0300192043042493,2.0083774612360203,2.017403545927337,1.954438171245593,1.970368121790146,2.1219611984874227,2.126513686468094,2.1305221845858004,1.973968322647631,1.9120995676140438,1.932783410554705,1.9483060837919481,1.943436318444379,1.994794325051567,2.0411688261502565,2.0289639857278106,2.0055524975966357,1.9794676931489559,1.9771577923578945,1.9693971360502027,1.974257803566293,2.0327126585940527,2.0333822676757576,2.041513213973319,2.0220466519859297,2.068377959492665,2.121269996826551,2.19501508570701,2.322839687276456,2.3081396778571226,2.3611576952586217,2.1235456528096073,2.0608502424889936,2.019463016470734,2.0142497854179577,1.973711794327417,1.9667694620070628,1.9455177270004018,1.9512322382705822,1.9471986352381552,1.9491314113364617
2009.0,1.7592636977911156,1.7592482684447015,1.76168423004424,1.7647780368650485,1.7479478479528172,1.7425685522868952,1.7441293898993158,1.736880472255828,1.7353014177586101,1.7334742360945063,1.7363990792987434,1.7357678990216705,1.7289563865684265,1.7140054730991081,1.705686987096187,1.7284545649490912,1.7396870241156448,1.7558657359654712,1.7632714138502172,1.7594197128541114,1.7330311925933861,1.716501241192923,1.7105246056020116,1.7088130799318546,1.711050605770597,1.7172470050232795,1.7150335216685149,1.7068461308910234,1.6946094056465522,1.6838964202929032,1.6904583994484077,1.6896626413027604,1.692455387655827,1.6999269505436898,1.6903408260951693,1.691373437989387,1.687834256870706,1.6963237746930142,1.6996341134056303,1.7094094321725368,1.7100656415899935,1.7199598815362178,1.7203111025885356,1.7206875429842485,1.7276575621672592,1.7321139155483065,1.7385005552011985,1.7526266225118632,1.7731296359438757,1.7669611174517854,1.7624421809309583,1.7655654049446827,1.7685535478806398,1.778616869308335,1.7920350001573917,1.8252555225988765,1.8369477811520807,1.8382384082120025,1.84928636649961,1.8180330303571672,1.8304511735969384,1.8357408244555098,1.8682243314323985,1.8378955135064727,1.8546699106652096,1.8480855136485137,1.83887620373212,1.8846057561824825,1.8577364762565687,1.8762483673276114,1.887244573307921,1.8510985118399508,1.8518579953290186,1.8552525531039321,1.8345329095242873,1.845525962116096,1.8675569638674818,1.8473670748322217,1.8284526405805086,1.8296013708728602,1.8297414689831588,1.8504941972440696,1.8875019629033276,1.8982216912848338,1.8964778357695398,1.8894432749515957,1.895145280753301,1.9023208576536255,1.9134843851429197,1.9108606590127297,1.9209158805315016,1.9112608224168484,1.8920060781066699,1.8836598304596337,1.8836780358556193,1.884936801993454,1.8885610674189066,1.9320426205927645,1.942471816016361,1.9543467272770811,1.9429001550194398,1.9169832969438314,1.907420264376329,1.8918921857004634,1.8895815662597504,1.8965713200967131,1.9139099627758889,1.9162324171665142,1.8521119032067026,1.8246290271392078,1.8239129891817099,1.8344785004077755,1.8522697762017701,1.8747390392128453,1.8835814102148372,1.88415628823109,1.8858086161210923,1.8885089247311975,1.9019082942987378,1.9078078577472328,1.921783908815446,1.9232910951928364,1.911746364901071,1.8929387544333407,1.8702212823710913,1.8591123747839209,1.8566835695879988,1.8725084255572053,1.899559023607567,1.940298544637312,1.8870791491292027,1.8753755128334635,1.8789642893390255,1.8754563389986516,1.9200818514119815,1.9196839717723504,1.9149402370770372,1.8980573109025496,1.8789505744671087,1.8824488228831735,1.8916871318956945,1.9264896027739273,1.909476430876166,1.9198026207364554,1.9152402894678684,1.8824088755107993,1.9114137339128363,1.918864709503303,1.915543086144315,1.944577176856633,1.951577673582121,1.951182820558702,1.9986014189465906,1.9941742134083866,1.931180393280043,1.9119577034281734,1.9266235575638866,1.9313659736635391,1.9777991186107369,2.055319394500602,2.078031262852509,2.0650955874266357,2.0400277702080443,2.174822865867749,2.250732597730952,2.1814021089662887,2.137373293806897,2.059229774169969,2.02029328342895,2.0028926787480494,1.9925111067094199,1.9784654088115468,1.9697405316451255,1.9414987530000283,1.936856942942387,1.9301463910922034,1.8630304028761067,2.016891836360868,2.0221295828694767,1.9859785622623962,1.974250621299617,1.9982585595911941,2.0210241135816727,2.1784093238753472,2.1659539386410627,2.153252352792678,2.1263510971798874,2.024844331555002,2.0670753106015765,2.0702489545549985,2.085092553215918,2.1010169532050114,1.9856501708685041,1.998126664851021,1.9698640855629472,1.9878825574797272,1.991408553299618,1.98912967707262,2.0418468840772954,2.0600431207673733,2.0883058364034532,2.0988248602599238,2.079973423659955,2.035818229482161,2.0082938271835236
2010.0,1.8817770579958308,1.8796405311689783,1.8526264579292344,1.8523682657124707,1.8438059950509382,1.8474881819435176,1.8544993686503743,1.8616901827345185,1.8931647216214826,1.8614387675640023,1.845199134780829,1.8246389279307353,1.7909971032092147,1.8096793264672324,1.8080201619884162,1.814528775265555,1.851948449246525,1.8548331619526572,1.87799144262023,1.8693113548461895,1.8180120249510558,1.815005300400797,1.804160557521767,1.8203151519634588,1.8342948163351507,1.8866733117882366,1.880950980610752,1.8688532389575783,1.8621161914658315,1.8270642777973012,1.8327096665947018,1.8284261028392685,1.8458046239795372,1.845766350527383,1.8301163048409876,1.8246315803970492,1.8083465125591531,1.8115413457334315,1.8183119263154597,1.8411241932416713,1.8451825018117523,1.8296884793359998,1.836850372897124,1.8126970705605518,1.8010584179921558,1.805425716103064,1.801364236199047,1.8256136612419847,1.8334252381349683,1.842259371540528,1.8517869143420191,1.8442932885394185,1.8502927065071502,1.8527554097794567,1.8617440924306576,1.8714540155355133,1.8883143538522105,1.8972319971097353,1.8930341523368284,1.8953340355625126,1.886013651083687,1.8784952847769447,1.887371904149266,1.8653867211642732,1.8687525540929872,1.8742964977078154,1.8504188356093132,1.8658308258297083,1.8840075302157455,1.9127266229405637,1.900355601007091,1.9177302042591293,1.9288709506619997,1.9211888827196413,1.9475302808636266,1.9319702593597898,1.9173815976193156,1.9207825890910446,1.9316576274450137,1.919481858654898,1.9252239205233503,1.9257870935143806,1.9107514030988995,1.9205286617162913,1.924155372751632,1.9141204505459124,1.9016931539186883,1.892777043301208,1.8622909803593335,1.867588795853601,1.864028925894032,1.9008733100388602,1.9443118899564125,1.9593258509984726,1.9912882726221017,2.008982101157768,2.0179504289236285,2.03378094178958,2.0249900056689447,1.9990426094834255,1.9770125474506552,1.9517881161031814,1.9042646528683924,1.8769309250679314,1.8694925130937614,1.8675810257197076,1.8691046767899224,1.9024989009925162,1.9003203447716226,1.9195453833271594,1.9282179836865079,1.9162808546539685,1.9545191625897367,1.9626617532156443,1.95342369291378,1.9652857398292845,1.9655084157450167,1.916435285619149,1.9214621603172917,1.918664070088966,1.9118542101459353,1.9514517841040586,1.9802868649349605,1.9554340842277589,1.9487696495188536,1.9610789410483527,1.9495046727444516,1.9750723834622679,1.9664950836832498,1.9317096429394207,1.9242097286501685,1.938423198293135,1.9355723573874437,1.9419299227007603,1.9606346662367513,1.9793950954479054,2.0184658079189464,2.0085366184466427,1.9968453637412624,1.9836002375074484,1.9639789057469335,1.9508798395578357,1.945479981343101,1.9636769194843917,1.9666001792509498,1.9663617995134683,1.982378959965867,1.9420248148863166,1.9423688195645776,1.9693600444674293,1.984675918816982,2.0432121145286355,2.0365923436264346,2.033132421564761,2.0229836657450866,2.0309922543568124,2.0510332246927394,2.059341488287157,2.081034063312609,2.073038131208289,2.058497789902892,2.015661249833582,1.9910831367445754,2.0172676255530675,1.9719963595452972,2.006459168614084,1.998493983184677,1.9905574531419568,2.0540237325381723,1.993218638850848,1.9842053841681015,1.955138801665137,1.9576936360947346,2.002590471893108,2.0074057915084076,1.9819317882098517,1.9603192326095737,1.956126692835272,1.9459653208415935,1.9498888158562102,1.948267519364753,1.9781686468540962,1.9863658839642326,1.9601273989781294,1.974508166192571,1.9194033242892699,1.9460657849569094,2.0156905920493253,1.9952182979922368,2.0018571845507402,2.044259442549343,2.032082588048951,1.9676694927274752,1.9539933670533878,1.9242401423494275,1.8934829849227033,1.9346045124212217,2.060603853716967,2.082080476879542,2.0721748413491685,2.067732847119803,2.0200933441157045,1.9814880260795102,1.9202757064615286,1.8689399619883136
2011.0,,,,,,,,,,1.799494022581305,1.7916131477721144,1.7927055466873147,1.7820866616273707,1.7732530969380984,1.7713920273385493,1.7522497289611425,1.7548301622365376,1.7540174465585463,1.7434220463895025,1.7437752555944455,1.7507150590853897,1.7500548680028034,1.7709800254270962,1.8262709696765498,1.8129567822800956,1.8081255859098628,1.793328813491602,1.7805099780463454,1.7625902611692934,1.7352877877982875,1.727309283833086,1.7263175908837423,1.7236683189094233,1.7195109996771492,1.7219073844817285,1.7251339508154193,1.7285370558542557,1.7268074296080635,1.7310215181362687,1.7288436938988023,1.7363543645417236,1.755833556955738,1.7508784464049634,1.7509176516691811,1.7519530127498844,1.7355564366866045,1.7380113953814362,1.7427414796052578,1.742220535591673,1.7541161369705947,1.7656609187754237,1.762113232931624,1.7601953046377696,1.7664300407058242,1.766884634460049,1.7853565916554346,1.790458133787243,1.7875139089079655,1.791736064282227,1.8100815163933466,1.862629616976428,1.8412707031722158,1.844135637169302,1.848929562854047,1.8552701038150117,1.8812998351998687,1.8112276094416488,1.7767052481958272,1.7757599871627072,1.7753758020920671,1.7748111734335261,1.775124873856818,1.7719499157237737,1.775106426325118,1.7798577763811463,1.8027061926648857,1.812454156344715,1.8355182339825677,1.8545714251220018,1.8604832568279304,1.8772253666666947,1.8768851228525527,1.8733534331039432,1.8621646757951322,1.8501183234409333,1.8625421996542852,1.915553852759293,2.0788417545331423,2.039760042673627,2.000392781217231,1.9518838634501594,1.9459439840076789,1.9437479299734362,1.9654647296811922,2.045285805392911,1.996502183059101,1.9847704772818942,1.9682986381856997,1.9570309086822193,1.9509787309735458,1.9307373275900515,1.9448843509431386,1.924158822969656,1.9214914447933513,1.9049920852293445,1.8807289929690816,1.885453095658801,1.881323005819503,1.8803319698797665,1.891116476498623,1.8764563155582912,1.8652948943168286,1.8577142957779516,1.8448298359517246,1.8465105723487523,1.8526183123375777,1.8702881517101257,1.911989853661538,1.9230440206051187,1.9236568834212942,1.9361438472440113,1.9498132661792225,1.9893168279822548,1.9601560422417168,1.9721735981759156,1.9724548181861459,1.9671668475599209,1.9703085381253747,1.9637900351776545,1.9658476828436975,1.9574850238811239,1.9536731296956815,1.9556256613730674,1.960116296253906,1.9748534842287726,2.0158316853002276,2.0468424756655623,2.0540348026476165,2.054816898549868,2.0517923798169413,1.9823451804344165,2.007856671850373,2.014958808308011,2.016531969915241,2.0368929788736727,2.0574001567230535,2.054863917533573,2.046602666755283,2.0513467862664285,2.040561991907345,2.0459616562249074,2.0532100974647722,2.064391358355487,2.0366056353703033,2.0183211558164267,2.0190907736126675,2.014694021740828,1.9852186096475872,1.95230617192812,1.9473782282692278,1.9383171301722113,1.9403040208753732,1.9494402093065306,1.9374136543779807,1.9435785254399929,2.0000333382054984,2.366511851237446,2.3085201270889995,2.1751022124432673,2.109954739396115,2.052870932018198,2.0018245650244975,1.9700595393938025,1.9016965125546155,1.9092224605833823,1.9302324507568294,1.9305703297981012,1.9491539178444195,1.9804300467517306,2.0060509233562294,2.0940951480800587,2.0886258125731176,2.0718954934891114,2.0420983464530647,2.0491214668795505,2.069084717789133,2.1878549433165193,2.0390244865731484,2.013007074552118,2.0021409959827556,2.014659619251117,2.0904381314535367,2.0899812876530257,2.096161909995895,2.0868161100160347,2.065369334115519,2.1231269255450167,2.0241303259880734,2.0064732434626396,1.9765953554928264,1.9340229217624414,1.9052622422916083,1.9400802020324264,1.940733738805976,1.9502282518606213
2012.0,1.8852591913603938,1.8905616064657407,1.9032842637406149,1.957542410158112,1.9266904910968372,1.8713465438395556,1.8388527341781342,1.874630311818664,1.8794582712825654,1.8918791539151862,1.944191126814069,1.9092461726780874,1.8737650099667826,1.8675012092841685,1.864650080103143,1.8671582525423502,1.867780670086566,1.751411107089019,1.8023851227522107,1.7928253842930313,1.791148157086194,1.7703080125032091,1.7699327706130954,1.7696985026016758,1.7628077227207073,1.745827543121733,1.6929447110224078,1.6864699636237757,1.7060455558055372,1.716741051251275,1.730610318943865,1.7523245141962231,1.7550629410342036,1.748068151404194,1.7477023600282915,1.7363656075333698,1.7195890380654715,1.7161537495103567,1.7090044335535786,1.7050436724920104,1.7143079364849276,1.705081440139625,1.6975876798975233,1.6902710492006765,1.6752399471315806,1.6770860136977346,1.6780705510380196,1.6722845365997459,1.6838156278174088,1.6936898711019068,1.6991997460698522,1.7029990987683088,1.6982249236390543,1.6968620449878122,1.7039533747132318,1.715134357210603,1.724803410885964,1.7319496351811328,1.7451152791977322,1.745147566917045,1.7369060109735712,1.7427767843005233,1.7537145221638843,1.7509036045560922,1.7593165573337757,1.7574254121097779,1.743891307270149,1.7582248270213308,1.761426070078033,1.7681795743232158,1.7891564596962812,1.8683834788183198,1.8936804432824874,1.9012364102965424,1.8936880742387485,1.8375964959089865,1.8569582538673752,1.8474131269382539,1.8538864491128404,1.8599895120547096,1.8504396520033333,1.9041814311193686,1.9198419486459057,1.9058408168537915,1.8740947098582397,1.8658471326520916,1.8538931936496326,1.8841218215467843,1.9021334394809308,1.9323548272017295,1.9606734027201806,1.9320951326587799,1.8652143864922794,1.8339513646789092,1.8285426603975394,1.8243203527314678,1.8259541768346346,1.852584998788433,1.8598894425341794,1.8765905517845078,1.8810357907938684,1.8469756777477024,1.8524350481727665,1.8488565499818232,1.8684915787143002,1.8918705839208978,1.898160084003996,1.9005153701233044,1.8722941964620303,1.8813491750144076,1.8747191614109635,1.8761935671395875,1.8644429561806708,1.8755465590083311,1.8734109381446231,1.8667607277433356,1.8764603020283133,1.8703206547035396,1.8768673908702491,1.8879710045928058,1.8897835826827218,1.902361711359938,1.8943547625085544,1.8948046273976948,1.8914305323768879,1.882705524726436,1.8808617261059364,1.8859987478527729,1.8939291416443678,1.92265385559528,1.949648512386239,1.9471903718114447,1.9267292876061075,1.9036690373555643,1.900411531587313,1.908775611625214,2.0553711547952216,2.0590017429926704,2.0496820768016164,1.9143983454182099,1.9369391368566895,1.9204622603939083,1.9148131359365226,1.9396618096118514,1.9357213724882603,1.9439292646580961,1.9678787317380202,1.9547204859298317,1.9462910271080798,1.9346795469659754,1.9323122897326044,1.9483535997385395,1.9920555963311863,2.051173587761842,2.0541666195965433,2.2888815903555186,2.27995597962542,2.1970330352364553,2.3147155614722292,2.270305951539434,2.1124487160075587,2.1776314440107445,2.0650098543064273,2.0201264624208117,1.9808685834386919,1.9873418436838077,1.9898654575307837,1.963371085069412,2.174534591837756,2.0593274623318836,1.9539991848965332,1.9438572353222516,1.9516949404176998,1.9416656890393327,1.9608745353694212,1.9729904328346044,2.0270047639077835,2.113001632143389,2.1100654897110287,2.4744406308302227,2.935893465667995,2.8369838033260075,2.072478675562255,2.0746784519214487,2.0962443541499125,2.050385957320196,2.0790010678550317,2.0872786330890483,2.074280911852666,2.1936669161632953,2.382819416696353,2.183444340548192,2.328157433788515,2.2002040757484265,2.186868495786454,2.212273387325946,2.1619016279496006,2.230849451339383,2.236594008365504,2.0888490423733694,2.0405476844222843,2.0315595975496903,2.026493105551396,2.0362603910474992,2.487443144533989
2013.0,1.7161141285712023,1.710730589615114,1.7163449611777095,1.714338307298198,1.7065664438477355,1.6987975070226446,1.696288738297778,1.7007350158614516,1.7078531543935358,1.726685765944343,1.7377360846515162,1.7412079278168215,1.7500199468645394,1.7529012081503093,1.7555989793736797,1.738659243811409,1.7323638269241362,1.7238996664672235,1.7237902052243648,1.7258812695074992,1.724124397114977,1.7250442876524659,1.717351537126862,1.7125003073068634,1.7082156311993217,1.7122912309421694,1.7214441266896565,1.7286664382790882,1.7380064941326459,1.7380238885539274,1.7437875811293932,1.7513046525527498,1.7436446317107208,1.757324166663478,1.7420435688036924,1.7411769041188812,1.7500968603121088,1.7474161238837398,1.751953663325286,1.753444619113087,1.7486177377262007,1.7502013238117455,1.752107944746356,1.7499620798744497,1.7702548326226535,1.7821683470184977,1.7866680115796014,1.8240092415916003,1.8012127438871823,1.8072520973424249,1.7819791875512858,1.778087303087492,1.7688275001214462,1.7476468570104915,1.747552784860924,1.7467857310101107,1.7482853106551484,1.762872623272234,1.7994762757381766,1.8098642021519344,1.7954690323618645,1.8042041552594936,1.8184676581113666,1.830822348035059,1.8532762172707362,1.881832233531537,1.8840204242025445,1.8780980392193978,1.9859043232187346,1.9254908095323442,1.8872454890768124,1.862396617209047,1.8197558363734743,1.8082158819176541,1.80272826760527,1.8051135710939903,1.8104601372744475,1.813446198779097,1.8188802579417365,1.8275303235425848,1.8337593841986526,1.8424705199474398,1.8636617145583039,1.8826588734914473,1.9590289332016142,1.9541625518086962,1.8918981370991061,1.873215629058869,1.8773435511907626,1.893783357935383,1.9203194494243694,1.9311711047430005,1.9476861650167616,1.9264740597434824,1.8994998796376512,1.8993070975731514,1.8844386857605602,1.8897415420866337,1.904406808427637,1.886334250399928,1.8844949984035613,1.878187915028596,1.8586853221543462,1.8405744460184885,1.8336798453539118,1.8426828094243217,1.8439717617203142,1.8531160299682328,1.861845797710255,1.8773256924758235,1.8955998241570855,1.9153385466767232,1.9049800577445601,1.8938880925520325,1.8896476024302578,1.9066465392896526,1.9057243599697675,1.9272307064301075,1.9110310068052456,1.8972514829903488,1.9025770084432985,1.9069862695112427,1.9071330432305338,1.9187362885720076,1.9228994927600003,1.8964210657041356,1.8773496889633254,1.8546652310332452,1.8343837881090501,1.8232023269090116,1.8254917978981955,1.836184394953876,1.8458771547767214,1.867792350538741,1.8971209873858594,1.9295478636955992,1.955787362034525,2.0682039023375767,2.0855171672999644,2.0721431029075994,2.0373846869055647,1.9164278186888066,1.9127055613020365,1.8932158985435787,1.8922467744386506,1.9158309529952338,1.935473004813753,1.9795186738265476,1.990940374768409,2.0022355934112293,2.023162155227307,2.08387243678776,2.053935487288305,2.061976934388056,2.0445526156974916,2.0301446393154503,2.0129836418084333,1.9824623918218864,1.9925090421897875,1.9639219815193796,1.9675053722395552,1.9809908691628166,1.9170090770361234,1.9148409256688956,1.9104908925778807,1.9119618412548327,1.9559514037225092,2.1304667180992207,2.016297500646526,2.020911590283096,1.991403551139927,1.9478809023777874,1.880275224389115,1.878085177834354,1.9036415455691342,1.8852582155239572,1.9179438395349506,1.9008570239797242,1.8949532609253659,1.894096417269611,1.9054864370584905,1.9187200629102326,1.934038307772693,1.9379448024893013,1.8849881930374104,1.8304944352778316,1.8195341320078677,1.829291712124975,1.8281769587204275,1.8388664220375,1.893915649197471,1.919661126980162,1.8912950301556344,1.8975890309340793,1.9087623132717733,1.9023947553543923,1.90163358883894,1.870985399406322,1.8442418327057877,1.8155657424684781,1.8053652782321365,1.8278250229755795,1.8167755651412232,1.8094839298186645,1.8246383728897666
2014.0,1.811917954702238,1.8217945625102934,1.9156414722800728,1.8944634294480414,1.907199143925458,1.8790360067146947,1.858271361280126,1.794476655942888,1.787469263246965,1.7841030203491761,1.766124151225652,1.7616789596226128,1.7463009230025177,1.7532362659384875,1.7609095694503458,1.7579034240959897,1.7713925510421462,1.7488189172006376,1.7450895169517864,1.7453365379813808,1.7367849808414406,1.7390367399920557,1.7426786411259985,1.7403496258730926,1.747899627012727,1.7474466241602609,1.740955981933216,1.7516210636249028,1.7554241136559732,1.7528920554672176,1.7470780880560346,1.73362780981291,1.7222063847548639,1.7277523050497132,1.7247957734628474,1.730454039571325,1.7343555220600564,1.7325162513427879,1.7413453127513137,1.744609093449913,1.7504931457192165,1.7765027514527536,1.7716658871401214,1.7891011813988875,1.7770893883919698,1.758678682319931,1.7745623476487167,1.7727392166505629,1.7768076605801215,1.784309307190927,1.7813163884225558,1.7857318937560307,1.7804220678762377,1.7712815514348046,1.764052155611723,1.7553237598640137,1.7558777998048898,1.7606355425841747,1.77424717373428,1.800733659726913,1.8031560134921496,1.8182674064424043,1.853687817272322,1.8713408540488081,1.9138820675566497,1.8574775689316936,1.854978289311793,1.8494171438549603,1.8583618837283118,1.9290926367924783,1.916971732758216,1.9326070411953393,1.919025515615298,1.8860356638040454,1.923964012436992,1.9254965814846434,1.97151195223598,2.0185893531009897,1.9678529552893949,1.9431241314467362,1.938922612862871,1.911072485962396,1.8956321543646117,1.906847448252649,1.9130281992337066,1.9108996162659155,1.9130298762319295,1.9047298400357566,1.8820610982937476,1.9119108554111621,1.8976950786280158,1.867739988903239,1.8713206688523951,1.8803374070130099,1.9200291089412305,1.9394609393478475,1.9532465114050108,1.9426849459106281,1.9263719299206947,1.927073270623399,1.9216275505467277,1.8944421194679073,1.8948877163943862,1.9137861643866407,1.9166211320663016,1.9341624640039186,1.9424154160617424,1.945744876097204,1.9428671836017166,1.9218879760811263,1.859574463958943,1.8407866484499502,1.8440636549125617,1.8609247507699167,1.900874367621523,1.9014065958655897,1.900858661244365,1.8947744959510022,1.8841700887230348,1.912155017623502,1.9268918118077925,1.9678756277822376,1.9414130333561785,1.9519196047489316,1.9413065216518663,1.9461417472983649,1.9459387817138754,1.9416857107281953,1.9670934085478549,1.9603683839935582,2.044984797908856,2.003007342757693,1.9816772462825734,1.9877153609347364,1.9732709517142915,2.018356043600324,2.057357488692629,2.0365810442097008,2.062636838008234,2.022437374416487,2.0145801243450743,2.0064056928728227,2.013031106274428,2.005411121284603,1.9981026431586235,1.9784349882598806,1.9678569255957974,1.9630062729785376,1.960963360618568,1.9708645656047832,1.9626608449971243,1.9653045429092626,1.9643783125024727,1.979259582161445,1.984282160560869,1.9889915852451336,1.9597230822184675,1.9386547985427889,1.933030097307603,1.9285818430585442,1.964206800308704,1.9991244871933374,2.0051106500552898,1.9886284081432184,1.9895845809377741,1.960820586982306,1.9572062521485973,1.9934763224739394,1.947709545613475,2.018528767992902,2.081726824091561,2.0939554745158677,2.118770825681074,2.144923564424442,2.1488076874611433,2.1200201757275607,2.0959624456108585,2.0924861369371435,2.045666370442233,2.07150147627073,2.0538819742694345,2.085939283712019,2.026873445527171,2.026395136898853,2.0224755386269564,2.007973799531963,2.0700876109448076,2.0621431179996828,2.052583353553576,2.067960307399232,2.044135922341307,2.01156931302844,2.021151962741686,2.0157184016615637,1.950174741114203,1.9378542707139077,1.8948740932149053,1.8699209508184402,1.8464288713724863,1.831964689261989,1.827750328594892,1.8962786652451489,2.1298681709716014,1.9468747896101242,1.922979655515105
2015.0,1.801845616571217,1.7946587412313124,1.795145912905395,1.8000745571793422,1.7823630818254543,1.7898487567209855,1.743177647599794,1.745376164843491,1.7519189719933714,1.7632841647071291,1.7657836274924792,1.761663953458927,1.7757175594870906,1.7891957383888786,1.777237459907202,1.7733011858990861,1.7710690523716575,1.7583949616954482,1.7559819378974,1.759657281840946,1.757600082809113,1.7486733233623801,1.7478057077302398,1.7417919918487073,1.7395921319304395,1.7420740304957818,1.741138142898436,1.7413667926899847,1.740443373480807,1.7434577935986428,1.7376228918722034,1.7372129177822595,1.7370165344185757,1.7369889843259507,1.7407869218695273,1.7465017326581642,1.7368673276264892,1.7296854393359213,1.7325170322793788,1.7262611570172215,1.7268599372155324,1.7281729800015693,1.7313251844874396,1.7490000403872148,1.7584212781413506,1.7626668300730883,1.7686705501830624,1.7705000646483415,1.777961360497073,1.7730148105337153,1.762682227994698,1.7560819589403622,1.7493355255639638,1.7520378885845336,1.7751513873959066,1.795098656375984,1.7768127528003816,1.756081235598924,1.7597221338361664,1.7948707083995403,1.8523161038318268,1.9351695914870306,1.8477857903840873,1.8406353331825585,1.8353504967657877,1.829224321131845,1.8321919780863674,1.820348134044396,1.8043939555825543,1.8111745560895525,1.8163631423727047,1.8272683980413542,1.8470527560805974,1.8584961841338503,1.871189119956758,1.8704773277808444,1.8715751294722556,1.8870344238673362,1.8708005476600995,1.8696487250641227,1.889715421191576,1.8958221211015964,1.8372169935260907,1.8396227425565026,1.8561905927285904,1.8680672061437709,1.916993022419029,1.9265576395477204,1.9188653770298507,1.9116760533753676,1.9279271805915794,1.8801960169694847,1.881574869467609,1.8802160911728851,1.8717296853141354,1.8862243062321342,1.864345591103034,1.8710655485690966,1.8639627045679705,1.8674062669824254,1.8772016205711168,1.868998844990929,1.8992858684223612,1.900249188052618,1.9142363853471296,1.9072925999704613,1.8930467533943203,1.8974911089978581,1.9123456045622587,1.9019573367849545,1.9093503688689595,1.8998252384290355,1.8628816216941824,1.8958183634211867,1.8955444622493482,1.9356473269678154,1.9469411018378753,1.9460379588645018,1.9612991458006581,1.968679603678125,1.9208502414007627,1.9119158448815425,1.9422111336373347,1.9353982895214645,1.961757018426593,1.966547289037466,1.9455381654105974,1.9420434515286589,1.8988301504018155,1.8748509571034528,1.8705731297538302,1.9263869414876384,1.9749822177776015,1.9875286579749833,1.959223097898606,1.950002082630193,1.9431881587555537,1.9369044973121015,1.9307464556380516,1.924425722861804,1.9223220053969818,1.9153370369972826,1.9619392635310478,2.0034393463425557,2.005464022250074,2.0114733165535164,1.9870314489343608,1.996290682850237,1.981228137072371,1.9871558967316862,2.0058331422941995,2.0006243365127885,1.992943576962944,1.9472930404203503,1.9454875648022902,1.9330937201294063,1.931958009422668,2.003069463891537,2.017967983620243,1.98696950044528,1.9879386542147062,1.9767325795107666,1.98699430979825,2.030380904739251,2.069224945191503,2.03219649232256,1.9936190468258657,1.9809919263358438,1.9863892430640981,1.9986846019797142,2.113066397024971,2.079909370616634,1.98752743798071,1.9815840706622645,1.980899073596218,2.0133983039554746,2.116604249602551,2.1055693648227214,2.075659753875698,2.0583455068847023,2.0203467311919168,2.0909713312881095,2.175240349774061,2.204896075711713,2.193292928039776,2.3468304908579727,2.4304917965269572,2.151301622998764,2.0096106281376347,1.964230007970266,1.9517306731308208,1.9539519712551745,1.9438693808159317,1.9634517984569508,2.106196493010017,2.087110256892953,2.131833628232937,2.163154462377899,2.241068044414531,2.3000009438758555,2.2401487140675655,2.0190354700665853,1.9469152173546695,1.951043105513383,1.9701229835183693
2016.0,1.821993725818177,1.8266114960591011,1.8307763391062668,1.8381078015203756,1.8188514192491056,1.7980219724833124,1.7939184574626346,1.7944328290050104,1.8052991512412597,1.8403591945306514,1.8050499711657468,1.799467539978171,1.7842434581893212,1.783877646911134,1.781662001113196,1.7709842031297778,1.770777659250299,1.76587782085004,1.7707286058794958,1.7872948846644943,1.7970794222993989,1.819174208323993,1.7722795225681724,1.7552898106904702,1.7496105582447914,1.7461937296154435,1.7432256295066129,1.7403312851353188,1.7363562490751812,1.741117996298784,1.7491339606632739,1.7559493029980677,1.7588935542312614,1.7575291385215916,1.7530283616464803,1.7497485873249174,1.7491121538556045,1.7514486346574145,1.7621216819692336,1.7665182375775892,1.765522488640367,1.7648580042353146,1.7571787817027205,1.7521144632407308,1.756968236128889,1.757283569086394,1.7582419713784878,1.7608105945393344,1.7603773425369806,1.7570418607263547,1.7525622415196462,1.7506365860486721,1.7486450444076338,1.7538848970390462,1.7561616746546305,1.7441135108816215,1.737734801962136,1.7388978855969353,1.7477335175395736,1.7648941143531962,1.772208046499061,1.7888208536403916,1.8657435564191944,1.8941193590907888,1.9292978790060338,1.9331800363664455,1.9126797784286453,1.8932915932766945,1.877033337315614,1.8809125197679464,1.9029620312194249,1.9433087463143477,1.8819749156997463,1.8416496353219993,1.8366008775979257,1.8424106797585134,1.8489056738612306,1.8857590009880885,1.8864773931086893,1.896749771198578,1.8930947022459723,1.953198800712531,1.966808653634957,2.0068962111318855,2.002863399421053,1.9891837140112862,1.9758500526792528,2.0089190005373543,2.076617756910993,2.0335633443400436,2.0270407956358847,1.995994536915707,1.9584944766898178,1.9713350446121427,1.9612513207271243,2.035139077285716,2.0344535238084838,2.0234003712272113,1.974581272005942,1.916147376616558,1.8620572983206833,1.8847874403038984,1.932280944802296,1.9590052410581436,1.9700295795150318,1.8832341955228997,1.8937649213895658,1.9140790399059977,1.9007964515329028,1.8863364968725698,1.8573864731254957,1.840143323903285,1.817644955857223,1.8303800203860376,1.8752538682903692,1.9748989740137874,1.9676981079882463,1.9017107128131685,1.9055756416889196,1.8990798760145267,1.9050632492238204,1.9226032993225357,1.944394705313707,1.92718605944638,1.9291494350116236,1.9269357899723643,1.9101419932455794,1.923810468335591,1.9154024288661147,1.9136336793444533,1.9091505056096612,1.9151782018207795,1.9628032841956689,1.984845364704693,2.0447862282275096,2.070721165417204,2.0291080827844308,2.039916198087803,2.0293395665454934,2.010456514680209,2.0195953677873217,2.009275324399948,1.9908686963831825,1.994952242189855,1.964069076893555,1.9404099785697937,1.958178445886957,2.032702414367571,2.107827494070902,2.114396707499632,2.088224638976574,2.1043064740316764,2.0816617534580164,2.0819712354915287,2.0948337010278735,2.0893265961516807,2.115906866879901,2.1145875853710825,2.0393503237094204,2.0051571981342824,2.0082594147075294,2.009447953467851,2.0128869850445685,2.0486033807662674,2.085108020873889,2.1002650930770543,2.207000399764701,2.1617733429691546,2.1531502168088563,2.1547366865535578,2.2043424821099107,2.075227263786555,2.079422468925374,2.08688140931458,2.0809379210766643,2.094084297983721,2.102308484151016,2.083688890091112,2.0866053844135983,2.097233832554574,2.0924629814334903,2.16704595224577,2.253278830968844,2.177415696833566,2.1414516670173827,2.178761022024929,2.1861221523535166,2.2596536968814482,2.2742470436394364,2.233030078208561,2.250299900950195,2.282127497501875,2.0940541891162976,2.08852842863161,2.1054445754390905,2.1037242849497657,2.588969119795446,2.4702165875505533,2.392332395770635,2.2384057535903876,2.1794042887810994,2.1414882100458446,2.1372853452585465,2.273716362790556,2.417343162322921
2017.0,1.8589566354637792,1.8693646746460328,1.8677158279749122,1.85351530506732,1.8810782657463894,1.8927200869500336,1.84958157435705,1.8429583847668853,1.8356738122173883,1.8184636324095744,1.8419022807254675,1.882049942248553,1.939204094665769,1.9484328982168444,1.9599715717021953,1.9325531096697257,1.8540625033128173,1.8486991824639425,1.8343104785860058,1.8210346974173337,1.83372877726334,1.8616469814940055,1.8727343721303864,1.8600639549269626,1.8599375123775002,1.84189507120419,1.8060214275360438,1.8081831981841376,1.7879336136064825,1.7802645142286324,1.7771378006829415,1.7812440021525027,1.78738346670489,1.7826329127770655,1.7721225190301206,1.7533437190389964,1.7362337128683534,1.7392956929438874,1.7378159694304207,1.7427086723829521,1.7512344834598472,1.757784504974822,1.7631943098073952,1.768614691361376,1.7666211702788233,1.7669786549702138,1.7622708211791647,1.7586544160523507,1.7651214431540931,1.756191559570416,1.7656444295798077,1.7944147100786436,1.8524542263725188,1.7978366320465287,1.7767899654697046,1.7601576014642752,1.7364279482275304,1.730530053797982,1.7223370222049816,1.7191689302128705,1.7174041294961442,1.7236396186600538,1.7287212445045426,1.7549363502821467,1.7788152614453607,1.7994994559846282,1.8363303032499965,1.8509897782750877,1.8498364884298746,1.8342443757871874,1.8113663383342802,1.8385901368107962,1.8414343644833564,1.878102199955502,1.8919398882188176,1.8872973880762687,1.9371441037217974,1.9306984518897523,1.9199515681802954,1.8880798199454627,1.8595104042122612,1.865513886387804,1.8622394523345696,1.8746256365582044,1.8791349503431032,1.8630646432525422,1.8701475261979388,1.944151369335331,1.9998892008736056,1.9736285013732273,1.9685712796083485,1.9348544009259174,1.8992704178649726,1.902014660357986,1.8776863869020213,1.8697007997048574,1.8827024820638814,1.8811843276676807,1.8636780249829186,1.8549331521097916,1.8439333602976422,1.8358100376142366,1.8318394486858969,1.833676036665614,1.841059908839667,1.831352330804511,1.8576917157872583,1.8640174185091778,1.8656811406462255,1.9271280158378707,1.888742153642724,1.8643295282298835,1.84126770275282,1.871143089447485,1.875383733116097,1.8783419051449943,1.8689221982731246,1.8621507156086585,1.8659319500323104,1.8663677579764595,1.8754594293436446,1.882027329398206,1.9235360048694155,1.9957828588920243,1.9226979243655933,1.8886554570717806,1.8800327250361701,1.880306686260759,1.8717739957788224,1.8816509817756046,1.911922738473459,1.9370791739813478,1.9331037342773485,1.9136552311250288,1.9039464515869133,1.900990053324533,1.9048526979416343,2.0623371784914766,2.0419038998617243,2.025285822652038,2.041799308937096,2.039010803670937,2.0168496117092056,1.978353223760915,1.9903846168911663,1.9945501174435738,1.9909785245414247,2.0176831002187963,2.010210191231626,2.0040529621004635,2.0338332248098236,2.025035033809019,2.0883887302402457,2.106912000507906,2.14852839523963,2.1615540441152143,2.134358809400911,2.1035632231467964,2.0773067057024965,2.2058229274952614,2.201653395091001,2.3119246058880973,2.4027986553550114,2.3731627543660587,2.2330684889757375,2.121882750594681,2.057367237244355,2.088286769471181,1.9525389159007411,2.1533547503013724,2.1494393087771897,2.0309704282275325,2.059528751829573,1.9621540498404355,1.9458603363673874,1.9729144305487996,1.9994387248165997,2.0167252082067377,2.1764886997451054,2.190388988798726,2.262273029583276,2.182463302058805,2.1205550465124343,2.1003019099191684,2.0803995574438767,2.1108202482564624,2.173564105309586,2.0683060090980563,2.001255779939169,1.8920457316846058,1.8883087532219116,1.9921282451866835,2.02773017265192,1.979574639915367,1.9737393865582191,1.9719287008545792,1.9362985092134668,1.9798784422543694,2.134325926740023,2.116022261196357,2.01206553747365,1.9773660481021107,1.9753998772958001,1.9784082991453467,1.948894001369814
2018.0,1.7620830526083875,1.774462430035845,1.7620328712822801,1.73625093015356,1.739835518305001,1.7294772580199487,1.728200770417275,1.7531023280579292,1.744624606301229,1.7519358823128812,1.793454652345787,1.756165467743878,1.7525175502466244,1.747040950809836,1.7468877775089542,1.7595866628364343,1.754709056097263,1.7600445028832556,1.7520416226757136,1.7547741582207481,1.7554865776736457,1.746826976330171,1.7415356938671618,1.7363619778465977,1.736586492022215,1.7488471611630514,1.7664678520412722,1.7762998313267555,1.771427201737823,1.7649671788574732,1.7568617907612278,1.7449980209807552,1.742488813078196,1.729822900063581,1.7311892928239168,1.7357979517369948,1.7396804243286008,1.748382079185022,1.7537765301815673,1.7471480197897142,1.7455817511765437,1.7444264832111744,1.746189443851553,1.7492398151427162,1.7505074446904847,1.7516707053782095,1.7500068865626242,1.7576348846302665,1.7622840583724688,1.756244241919176,1.756928885140149,1.7504773435372274,1.7506262019312313,1.7560131732517665,1.7507608828324592,1.7550136911947294,1.7580065273485697,1.7608705655283192,1.7710369419343144,1.7541541115101578,1.7622030207774233,1.7703247802763198,1.7763223187832418,1.7952637268373244,1.7883106787255225,1.7924123653114044,1.7971860406184696,1.8053078654083956,1.839988733019605,1.8613186367579742,1.892570537333422,1.8935091275826523,1.9427330566987402,1.797265510056333,1.7839087107191114,1.7981767707983725,1.7917567466831787,1.7945423026104985,1.79657872379298,1.788139378679857,1.7894169362517371,1.7860318890895903,1.7854990428367516,1.8045801382886202,1.8537770428963813,1.8996674218156953,1.9344210259836156,1.9392875317225484,1.8757948331589813,1.846383112096393,1.837250343716262,1.8429425894415612,1.848696421697447,1.8976166806328225,1.9959985105700775,1.9859776132864266,1.9509676699450993,1.9401695879548044,1.9195866798635806,1.8905017148571472,1.9086097186195539,1.9097378749746392,1.9240354118320835,1.9390624781788184,1.9461495727066696,1.940232739425958,1.927006323357841,1.9352664275443847,1.9188130377912844,1.9210006568392912,1.9037740527610536,1.9336031025464724,1.9017736464752073,1.9062667901128738,1.911859361313863,1.8858259480453994,1.9290699738384203,1.9347267707957285,1.9501778357236992,1.9604430910654687,1.972167642783378,1.9488782928262753,1.9903049707054192,1.9769509216656371,1.9208437298882086,1.9192478325798767,1.9371760343413946,1.9272416477774381,1.9112857412163975,1.9274554483091961,1.9213545124776688,1.9305404447630918,1.9611171924633266,1.9932004217369896,2.0245344448103197,2.079229390654708,2.0976107434535294,2.0837927501888034,2.090433937060439,2.079743568751837,2.065297683328632,2.0987200485704847,2.089770009665962,2.063782583075752,2.0309868926539614,2.01603136684016,2.021772061270493,2.0082888800199434,2.0484108840990105,2.063862791342289,2.087478248384592,2.0787418038907157,2.0743736691348342,2.07025915985691,2.0148338752424646,2.0484621769977487,2.052506143847874,2.0323219591702273,2.061868443368026,2.102482426413104,2.1097640068383354,2.024930021514248,2.034624214330117,2.0638262915287715,2.0722151802591267,2.09193504489745,2.0900644036776757,2.041604143138786,2.016147749437522,2.0570226835122662,2.072910026696465,2.079077452753456,2.0867201148819783,2.0799326932733164,2.049348950383342,2.0169671678427115,2.0304074712947946,2.1496464276232383,2.102449187726714,2.082824409500848,2.0399994815792475,1.981010640141966,1.9764292757934712,1.9722666224098298,1.9433448464321614,2.0137254610874926,2.0224941350466823,2.0218766074381973,2.0147360926322415,1.927166793339059,1.9591642058096546,1.990589111918764,1.990001832391536,2.0299159884341664,2.046143279058163,2.0689598607262254,2.066902762043652,2.044528872976443,2.00336195667566,1.9747878463990354,1.9745172375829192,1.9606827612532256,1.9090464152679576,1.8984955970668604,1.8723392612580905
2019.0,1.9138253658524178,1.8791647204059907,1.8422898405365171,1.834761616419728,1.8224888416467726,1.805928775826894,1.796781372730527,1.7999128186042013,1.799998995263533,1.8054441417231781,1.813536683424756,1.816434432344967,1.8246384232874728,1.814249918677917,1.7958191522862514,1.789027935457252,1.7932419951523744,1.8113633291293403,1.8385681736857111,1.8586266606685247,1.8717064783899198,1.8595395347013746,1.8608946168652991,1.878552767271993,1.8306557077388668,1.8341673947025217,1.817674753365365,1.820829018540632,1.8208537347923959,1.8072197475619944,1.8022071823927375,1.786139300263836,1.7772623147031497,1.7582793860472843,1.7430391391961306,1.7348168654802594,1.7354408629294837,1.7375828474455157,1.7377782335866723,1.742080762547591,1.7414677898179718,1.7402227706920543,1.7352816437536869,1.7317354398210174,1.7283467325543675,1.7281345477489758,1.7297741364334636,1.7340703724589934,1.7395376039281012,1.746600174701655,1.7541283890359745,1.7521416998377735,1.768364423512271,1.7606600455489279,1.774503003186748,1.7666116501058333,1.7751443180072533,1.7910672427977974,1.7877298940455462,1.802044249159042,1.8050595360939787,1.8049750478858506,1.8172587247273955,1.804700310346845,1.7937572780671172,1.7981593908897016,1.9040407109083135,1.8963789603663004,1.8673275634119175,1.8593325647957428,1.8568828984968915,1.8591832238714683,1.8379013556594814,1.8047937475248346,1.7771791218156114,1.7637227585397919,1.7646138368858786,1.775419398290979,1.7881000880197901,1.8103870220474485,1.8826661996981775,1.9990173858791924,1.9103298891099563,1.9106378028241746,1.9005587808602298,1.847207524123367,1.8779742415181178,1.8842911978965162,1.882065632027217,1.878669315918748,1.864405484162798,1.831277211460919,1.8080100406377206,1.7999715845795121,1.8127191561539437,1.8324635664993343,1.86891764819531,1.9378701000330123,1.930601694787273,1.921406659852019,1.9138935039470566,1.9418919697661443,1.947928500521265,1.982621208640511,1.9569467948332662,1.9003669928033255,1.859566984567285,1.8574152345752268,1.8577559656266454,1.8647690306653057,1.8856550185953975,1.8980004965125894,1.8947333035524934,1.889008654364296,1.8829940802254397,1.8717729619419776,1.8575508658385589,1.8442753727245225,1.8309453077554048,1.8304696532754323,1.8387378045711933,1.8762285855137903,1.9337148993610067,1.9204677457542259,1.917762759577872,1.9235256646448664,1.9427301340447927,1.9565686658675285,1.9915282765048383,2.0103730550575936,2.011712805889478,2.018589976428667,2.030963084652999,2.025682761282321,2.0294191916118964,2.066521947429815,2.0828869229622153,2.0840201763602506,1.9644152637081953,1.951286244522377,1.930663242004858,1.9236712746390716,1.9294947347855536,1.9280405783854344,1.9326146094920256,1.9406986403235964,1.9500414686943195,1.9621634068332305,1.9634499757364434,1.9409812370835042,1.9328487162042722,1.9364470025363665,1.9359449864332905,1.983238553223491,1.9702093973896528,1.973418400638576,1.9753996549195663,1.9553757988872102,2.041283421068578,2.036731020947651,2.042740269891417,2.045922396185884,2.0376072716687412,2.0421117061039524,2.0366670948261025,2.0382819502403393,2.033982634661035,1.9929695976345254,2.0318647920567248,2.0172315516909367,2.048411902472701,2.1082472040639693,2.1159634744543068,2.1142463029733016,2.115171449891597,2.125095667389922,2.109249163476141,2.1392729737328393,2.0084095378445075,2.025064319645076,2.0413989945575457,2.00480126865481,1.99579847837753,1.9810849272660813,1.9261616735869462,1.936459445953177,1.9448954392078135,1.9507021275699843,1.9399099675090483,1.9657243061737293,1.9852488110735904,1.982006121468821,1.9493421688355903,1.96111232699164,1.9302115975940226,1.9026561094816075,1.8849585951165957,1.8807983971856155,1.871923395589314,1.876820391966345,1.8952866844750664,1.896143894226836,1.8692239550057241,1.924325484212608,1.793728450926728
2020.0,1.8485397307978622,1.8382663551549439,1.8155036448852508,1.8546225106425829,1.8816770778828076,1.8801139592268035,1.8751030148339811,1.8499560662020456,1.8966133941156433,1.8870207016807004,1.8732889412208653,1.874715805419221,1.8640497202561654,1.8659121771313418,1.8680117269161542,1.885373242870216,1.8670207285751,1.8699121386906992,1.8766395903023425,1.8680335925520997,1.879023789703134,1.8729451670483463,1.883521282326392,1.8988990767669227,1.8726084155528422,1.836790710542846,1.7894663149374923,1.7890792770471948,1.7972572608119295,1.7953325147339765,1.8248083535917337,1.8002651730272254,1.7939905449635378,1.7728844020072176,1.7670292213263215,1.7690357942708173,1.7610201213684393,1.7694025818185313,1.7789962843267038,1.791006979949058,1.8326524934136708,1.8287748613378534,1.7922906658778937,1.7943086605519283,1.7937074695080801,1.7983226774487107,1.824214502085501,1.8236173341450945,1.801588433947549,1.7801364123962933,1.7663713700654973,1.7635562771306255,1.764126906266394,1.7561095849370625,1.75289229222955,1.7507858737746562,1.7458726571787118,1.7537863760752042,1.769491957257613,1.7941445641779716,1.7931432006907704,1.786436604737513,1.7843274948547845,1.7732229119914762,1.778745493014334,1.7847579441106414,1.7853489433192387,1.7889882433612412,1.7984881247346909,1.7899559086558914,1.7911810148733747,1.791435255670386,1.7715696284090525,1.8231796807249552,1.9086387301950376,2.057298139640114,2.012678663897805,1.9389148254813338,1.9024331937499537,1.879827545779686,1.8703572748561648,1.8608380114499594,1.8603070369897048,1.8670379863862494,1.868691411961623,1.8673049550776752,1.8538774014856638,1.82981624340327,1.816247835844206,1.8102560592659018,1.8058558651505447,1.8350803774486626,1.8629951952385073,1.863941131861678,1.8958144903289247,1.9064553100871935,1.905119063924546,1.9096969579282297,1.8993861873235216,1.898395630547375,1.9131933908956413,1.942708657116679,1.9313740492467764,1.927346395608073,1.9176663488987462,1.9113630093579173,1.9389933860857878,1.95126223812826,1.985589124164771,1.9473871683260309,1.9509929268458472,1.9383059252179047,1.9276824060940354,1.8852382249415185,1.8575703392754435,1.8624855012022214,1.8607606911534211,1.9136237040911,1.899985397092616,1.8732786368759604,1.8826277693552207,1.8847594998802264,1.8887618747979844,1.9151801651555367,1.893879658344754,1.8749029196847893,1.8735617657665395,1.8840322455050882,1.9226365992070722,1.9758233911369394,1.946980200415893,1.9227761342621468,1.9180773837927574,1.9267395427827658,1.9274032483020411,1.9480872908615052,1.9638998031097645,1.9933490374290022,1.9866007032783413,1.9971762424777415,2.0346994474154947,2.0297617660883818,2.0530433767726106,2.061419736376663,2.071846137971586,2.0329210954631503,2.0297075790280363,2.003308887286812,1.98123108614976,1.9732416334978216,1.966045634365304,1.9829210633736456,2.060147732127541,2.0593275218279095,2.0044501515757607,1.9971280307902306,1.9666185817540627,1.9604983458450644,1.9809198107664918,1.9891151375585618,2.0451305719882633,2.0711734812581044,2.1213840018401457,2.280268247725873,2.912662012811079,2.388529571682053,2.0953490915626096,2.1121457669880765,2.1147291640924113,2.009999690309539,2.0103491393309136,2.0165776445277563,2.0025850550140563,2.004270003017089,1.9756817196780982,1.9653844521835515,1.964521060249637,1.9423199890681913,2.238771143272916,2.1150905849764126,1.9629051113373897,1.9609604551567548,1.9528919431284744,1.9546796398163424,1.9690014373707418,1.9778451359061382,1.9790277558845286,2.015827552946879,2.009562273083247,2.0023874359720937,2.0620919005654503,2.016758032440607,2.0260571934555083,2.032505754682864,2.0389412408124263,2.0567631556166086,2.0290274699260857,2.001709563864526,1.9939056069559564,1.986267894234701,1.9527977230444615,2.0823228972086016,1.9233843577837861,1.919752500859103,1.8995001761901706
2021.0,1.7960278664329823,1.7658738468367647,1.7727929141709051,1.780105827785894,1.784615361782259,1.7883878385060503,1.7704368805786777,1.7456901636108446,1.7383213947586766,1.729044311032541,1.741449249948098,1.7538782807867137,1.7661670734813473,1.7783835291832222,1.782834821092148,1.7663701802212837,1.7665801991165022,1.7739132148658148,1.7625009017874875,1.7554092941098882,1.7465538737254018,1.726899665543998,1.7226869206755784,1.722321055187831,1.7210282233626684,1.718332386388692,1.7148463099445395,1.7389920571955255,1.740568179421147,1.7426262773477152,1.7405066347230629,1.7184722025134895,1.69280877404326,1.6912723077316016,1.698634928946288,1.6979914353836296,1.722575692516813,1.732355063103323,1.7276926068402425,1.7256595941706863,1.7189898558693408,1.7269750826267507,1.7245306978598833,1.7395477051112964,1.8756000264359542,1.8395447842149562,1.8545325569122861,1.841591279181733,1.792504157529767,1.7989354662952133,1.791220271070503,1.7855640948792932,1.778961533806552,1.766539278453568,1.7612830511306994,1.7670590470302838,1.7751122662142902,1.8170394279249567,1.9011494148080388,1.9633397534615846,1.897984485286866,1.893455447709589,1.8503504840975946,1.8429064607597954,1.8461550030466567,1.8396006373194376,1.8775533603228887,1.8409963304634545,1.8020289938060845,1.7889363336072124,1.7792570016632623,1.7779729263827249,1.7895697787147038,1.8020197524551342,1.8216736449059598,1.8452657408631095,1.8476035888941653,1.8410664843080604,1.8389830661808215,1.8366555120197814,1.8361389170687115,1.9173305813924486,1.8885242843484695,1.8808601858166771,1.8858271418880035,1.8907175254283588,1.9188108913689206,1.9875616308648696,2.0384216652360805,1.9546253036105345,1.9397933032932524,1.9365160771304444,1.8825735750374695,1.875788288758386,1.8800603446132105,1.9111229240112677,1.9143907066096193,1.918674849016213,1.9209429671077836,1.9090761877612656,1.906622244435078,1.9124756325497854,1.8901471033918478,1.8571557064419264,1.8484879939680472,1.856599545493888,1.8711894037495522,1.897768367532987,1.898917441177598,1.9071895825682468,1.9336095419797648,1.9641429439941285,1.9797810957748188,2.011394658387947,2.063767909241183,2.0789832919394398,2.032901822706609,1.956617443765117,1.9394808047455034,1.8978627758185365,1.8874784605779777,1.88646401505946,1.8721498638439373,1.8800984245381585,1.913329879122601,2.0089789226226227,2.009630982945726,2.0246276348216354,2.072825133699995,1.979632781449455,1.9651510978524982,1.9637202850749067,1.956720500283161,1.965540639853836,2.0037907245525135,2.0356319187580754,2.010156679312213,2.001784473899912,1.9907773205266546,1.9888338435356652,2.0012075754945577,1.9985533576713594,2.0450560009457224,2.0550905719928574,2.0445883947353343,2.024822360396544,1.9973050882853949,2.0163643843345476,2.0027757016856675,1.9880340134177479,1.9979434139471708,1.9935280399059572,2.032588529179199,2.145624595617021,2.172709784456082,2.184956550962363,2.167192208170456,2.243275256128802,2.298486847532023,2.2324314137135652,2.268093196708259,2.161880516906833,2.090222548426178,2.1303498132563448,2.142405357757662,2.163740646560602,2.035792732127317,2.0089548525921304,2.0089905952557414,2.0158516963696487,2.035175621945007,2.0405066713056645,2.031624260712176,2.025990938350933,2.0698737869703674,2.291810836176526,2.210117888471612,2.142605075825884,2.1426337182889483,2.150976192808299,2.1624227415429873,2.1210697031765298,2.1117268700668737,2.058929996180347,2.0188791788308516,2.0284278072976663,2.012565650172304,2.0554019606384433,2.0141086584073147,1.9960900985305825,1.9743360678105293,1.9491158300627167,1.9335450730095767,1.922181228739939,1.9519358901920087,1.9403774220998402,2.040399753819152,2.0643561398888925,2.056409533148091,2.034907189983029,1.9290985612094758,1.9646326670928353,2.016296824203941,2.036920845940598,2.117691111395878
2022.0,1.8354351538924898,1.8216867002147634,1.802559574203534,1.806571061267659,1.7847863587412007,1.799471667780291,1.809926730228316,1.798556652455434,1.8453593572833094,1.8724841711677351,1.8684231351849272,1.8704981752831524,1.8727888135999937,1.8334187366701,1.8111965078876833,1.7933755408508323,1.7808204225185482,1.773420393185726,1.775531049493463,1.7673568708089038,1.764295189706088,1.761014936942511,1.7542212587698882,1.751663957485225,1.7450370305572145,1.7490063870225754,1.749830755291732,1.754888253555531,1.763755331885549,1.7611475451962113,1.7519713966936215,1.74041182380873,1.7245340537116722,1.7172010279471275,1.7075601084535437,1.7018742236883586,1.7327158485146654,1.7463584146570281,1.7548346209839247,1.7641707729196696,1.7509709001271094,1.7413165495452656,1.7524979058846593,1.7532900202546613,1.7518052767768792,1.7531959723697752,1.7471672332061767,1.739350153397786,1.7373485094046892,1.7379546149513345,1.725185605128525,1.7213031398433314,1.743006902101238,1.7449529926365626,1.7523304454209687,1.7563390687989044,1.7451956187222288,1.7464719605703016,1.7387896052143956,1.7261871878362558,1.720531239931734,1.7175600635285335,1.7230607559864033,1.73152103116004,1.756448685640446,1.7888503586664048,1.7942681882192004,1.774439364658442,1.7605773170088632,1.7776455475418533,1.7753811744517347,1.8051199174022892,1.8888804658373446,2.013075500957002,2.065548986532201,2.0072139303179997,1.9602014218720818,1.8161478167930016,1.8257336455161917,1.829936085395171,1.8306105406619837,1.8555851836721722,1.8715085761993213,1.913424803948288,1.9301264798137248,1.9331173924421523,1.9427122899649714,1.9350985223360189,1.9673877560827302,2.0046787306275347,1.9730247653315431,1.9695418668583553,1.9546531606631037,1.9369344997674312,1.9547874391868327,1.926367606142768,1.9181107865452907,1.9240598008492373,1.8838955826405395,1.8522365073961786,1.8497436883983327,1.8415918658034602,1.8449465204109758,1.8630880564753585,1.862268668983445,1.8717983854978426,1.8979238944929913,1.9109937253942655,1.9182131591133949,1.9520641300905899,1.9463146531704374,1.8730060917537803,1.8766188287360146,1.8882216373582885,1.8913562877451149,1.970892667568081,1.9739977018927808,1.9259220983764085,1.9054841923118762,1.875793529609471,1.8490861684216169,1.8460831123517756,1.8501645856561098,1.8861843704366639,1.8940487343670598,1.8756818236612958,1.8881470677566972,1.8749604860749023,1.8832910771722273,2.1098148666262064,2.0819511783617646,1.9604106007732391,1.8825147371487732,1.8594912015751754,1.8640303797822901,1.875781643337408,1.8981723664451704,1.924030920395067,1.9346123418708183,1.9530074083353375,1.951518775524252,1.920778365301484,1.9271487204855047,1.9504944188590194,1.9159332359084613,1.9210392216769283,1.9231132420317325,1.9206464674401476,1.9399841241464464,1.9597734778572917,1.9928204116785242,1.9592740139339349,1.922201296937358,1.9221127535085316,1.9257886494682697,1.9357536860475864,2.004422990502574,2.0354694378125195,2.0477952424435406,2.0241047793764957,1.9276879236840978,1.9226763642339542,1.9204961791340964,1.9175314008990902,1.9481839385187847,1.9656324440518738,1.9724105082861212,1.9452037029873037,1.9088770803705097,1.90992333109274,1.9098040431514505,1.9118069023985806,1.9206557261450676,1.9334646320724524,1.9529892563590316,1.9461543353401962,1.9214560800305307,1.9218211308088375,1.9225573033561156,1.9085769177141358,1.9441149490926632,1.9487771964402327,1.925448894357946,1.8933599608558007,1.9268739824096217,1.9215300582807286,1.925021556990273,1.9483482627021838,1.9319510853713844,1.9498600879968238,1.9570141915388208,1.957549196618666,1.9712385094401932,1.9716937029693233,1.9870323886050363,1.9773535235213648,1.961846230144058,1.954498794071126,1.9181057082842785,1.897284292138182,1.8766243005472254,1.8909560509265408,1.914233910177474,1.9976465139382227,1.9422527759407284
